"V1","V2","V3","V4"
1311,2.955,1.85077553763441,1.964
1312,2.589,1.69190972222222,1.827
1313,2.741,1.72252150537634,1.827
1314,2.802,1.74300555555556,1.8955
1315,2.894,1.76752822580645,1.918
1316,2.833,1.7665,1.918
1317,2.619,1.78338611111111,1.918
1318,2.985,1.86060349462366,1.979
1319,3.351,2.01034027777778,2.116
1320,3.168,1.94979838709677,2.116
1321,3.214,1.99243010752688,2.116
1322,2.833,1.87604761904762,2.04
1323,2.802,1.86007795698925,1.979
1324,2.711,1.76409027777778,1.918
1325,2.939,1.75943279569892,1.888
1326,2.894,1.77750555555556,1.918
1327,2.894,1.77948924731183,1.903
1328,2.817,1.75780241935484,1.8955
1329,2.589,1.76992083333333,1.934
1330,2.817,1.83330107526882,1.964
1331,3.198,1.95904305555556,2.071
1332,3.183,1.89790994623656,2.055
1333,3.137,1.9825188172043,2.147
1334,3.305,1.9029880952381,2.025
1335,2.924,1.82217069892473,1.918
1336,2.741,1.75756944444444,1.903
1337,2.939,1.81715591397849,1.949
1338,3.046,1.74967361111111,1.8805
1339,3.046,1.82958333333333,1.9715
1340,2.833,1.81309811827957,1.9415
1341,2.878,1.84800555555556,2.01
1342,2.924,1.90015188172043,2.055
1343,3.137,1.88545,2.002
1344,3.183,1.90586424731183,2.0325
1345,3.198,2.01595564516129,2.223
1346,3.046,1.87447413793103,1.994
1347,2.619,1.81821102150538,1.934
1348,2.772,1.78154583333333,1.918
1349,2.97,1.78372849462366,1.918
1350,2.97,1.77762361111111,1.926
1351,3.046,1.79712231182796,1.964
1352,2.924,1.81282392473118,1.9415
1353,2.817,1.80265416666667,1.918
1354,2.863,1.85190994623656,2.01
1355,3.077,1.96577083333333,2.124
1356,3.198,1.88961424731183,2.025
1357,3.244,1.92640994623656,2.071
1358,2.863,1.78230357142857,1.918
1359,2.726,1.76579301075269,1.918
1360,2.863,1.81625833333333,1.964
1361,2.772,1.75437231182796,1.827
1362,2.894,1.81493611111111,1.964
1363,2.955,1.77802553763441,1.949
1364,2.985,1.81157123655914,1.9415
1365,2.924,1.86223888888889,2.01
1366,2.97,1.79592741935484,1.949
1367,3.442,1.99940277777778,2.132
1368,3.336,1.97677419354839,2.116
1369,3.427,2.24938172043011,2.375
1370,3.046,1.90793154761905,2.025
1371,2.894,1.87865053763441,2.025
1372,3.046,1.88041388888889,2.007
1373,2.909,1.79016129032258,1.935
1374,3.07,1.78005833333333,1.9015
1375,2.878,1.77947177419355,1.9105
1376,2.824,1.83560080645161,1.9685
1377,2.845,1.88915416666667,2.0265
1378,3.144,2.02160349462366,2.144
1379,3.046,1.96977777777778,2.1115
1380,3.198,2.03391483516484,2.185
1381,3.451,2.05976998597475,2.183
1382,3.305,2.09700446428571,2.2155
1383,2.799,1.87631317204301,2.0025
1384,3.034,1.87480833333333,2.01
1385,3.107,1.88524059139785,2.037
1386,3.049,1.74455277777778,1.906
1387,2.912,1.79025134408602,1.94
1388,2.814,1.82280241935484,1.9335
1389,2.726,1.84954861111111,2.0085
1390,2.906,1.8518373655914,2.004
1391,3.116,1.95748333333333,2.055
1392,3.369,1.98642741935484,2.107
1393,3.171,1.9820873655914,2.171
1394,3.055,1.9004382183908,2.052
1395,2.93,1.93228091397849,2.086
1396,3.006,1.8077875,1.909
1397,2.936,1.77369623655914,1.921
1398,3.025,1.74719444444444,1.8805
1399,2.991,1.79273790322581,1.94
1400,2.881,1.81899865591398,1.918
1401,2.714,1.79885972222222,1.9355
1402,2.994,1.75008333333333,1.888
1403,3.128,1.76655555555556,1.949
1404,3.311,1.86072177419355,2.013
1405,3.025,1.7906438172043,1.9255
1406,2.927,1.7944181547619,1.9415
1407,2.787,1.78899193548387,1.9535
1408,2.851,1.84906111111111,1.9895
1409,2.75,1.73620430107527,1.842
1410,2.741,1.72268333333333,1.8645
1411,2.918,1.78832930107527,1.9335
1412,2.756,1.7658938172043,1.894
1413,2.747,1.83250416666667,1.961
1414,2.68,1.74163844086022,1.8985
1415,3.07,1.85393611111111,1.979
1416,3.122,1.94935349462366,2.071
1417,3.016,1.91405376344086,2.0535
1418,3.223,1.95771428571429,2.0265
1419,2.872,1.92692876344086,2.0265
1420,2.906,1.7919625,1.9445
1421,2.784,1.77502419354839,1.927
1422,2.967,1.79900694444444,1.9045
1423,2.894,1.8406935483871,1.952
1424,2.863,1.84633467741935,1.967
1425,2.781,1.89439861111111,2.0445
1426,2.839,1.90172580645161,2.04
1427,3.159,2.00172638888889,2.1365
1428,3.156,1.98920833333333,2.132
1429,3.427,2.07127284946237,2.2065
1430,3.229,2.00839880952381,2.083
1431,2.723,1.87608333333333,1.991
1432,2.869,1.80593888888889,1.897
1433,2.939,1.79233602150538,1.9475
1434,2.885,1.75207222222222,1.9045
1435,2.894,1.79188575268817,1.927
1436,2.692,1.8099502688172,1.918
1437,2.75,1.86035972222222,1.994
1438,2.635,1.75663844086022,1.9225
1439,2.866,1.78694305555556,1.976
1440,2.939,1.85984005376344,1.9385
1441,3.006,1.82214919354839,1.949
1442,2.802,1.73977873563218,1.866
1443,2.753,1.85372983870968,2.007
1444,2.625,1.71905416666667,1.8375
1445,2.756,1.71213440860215,1.863
1446,2.979,1.75943194444444,1.9
1447,2.912,1.80398387096774,1.946
1448,2.787,1.82722043010753,1.9445
1449,2.793,1.90465138888889,2.013
1450,2.82,1.9587002688172,2.086
1451,3.363,1.92917083333333,2.074
1452,3.22,2.07418413978495,2.1975
1453,3.052,2.03469086021505,2.18
1454,2.985,1.89393898809524,1.964
1455,2.787,1.86674865591398,1.9995
1456,2.65,1.74548055555556,1.8775
1457,2.802,1.76661021505376,1.8665
1458,2.814,1.82508194444444,1.9535
1459,2.888,1.78494489247312,1.906
1460,2.753,1.80079032258065,1.912
1461,2.671,1.83046111111111,1.961
1462,2.741,1.90605376344086,2.037
1463,3.046,1.94439861111111,2.089
1464,3.046,1.89475134408602,2.0475
1465,2.778,1.80160080645161,1.949
1466,2.967,1.89958928571429,2.0055
1467,2.744,1.84039247311828,1.943
1468,2.723,1.69801805555556,1.836
1469,2.558,1.7386814516129,1.9
1470,2.781,1.79868888888889,1.952
1471,2.784,1.79320833333333,1.876
1472,2.632,1.81886693548387,1.955
1473,2.65,1.83769444444444,1.955
1474,2.711,1.87177688172043,1.988
1475,2.918,1.82125972222222,1.9135
1476,3.235,1.95834543010753,2.086
1477,3.061,2.02305510752688,2.1485
1478,2.796,1.76087351190476,1.8645
1479,2.604,1.70062231182796,1.827
1480,2.756,1.83489722222222,1.937
1481,2.93,1.78081048387097,1.8955
1482,2.817,1.82152638888889,1.958
1483,2.75,1.82588037634409,1.982
1484,2.671,1.85018951612903,1.9475
1485,2.598,1.8566375,1.964
1486,2.811,1.88434543010753,2.0025
1487,2.857,1.90559444444444,2.007
1488,3.302,1.97238978494624,2.0845
1489,3.137,1.90198252688172,2.028
1490,3.006,1.97164511494253,2.058
1491,2.54,1.75163172043011,1.885
1492,2.577,1.69624583333333,1.8135
1493,2.705,1.72342741935484,1.8405
1494,2.878,1.75733472222222,1.9015
1495,2.817,1.75669086021505,1.8925
1496,2.683,1.77777016129032,1.8985
1497,2.641,1.83675694444444,1.9475
1498,3.174,1.96840188172043,2.098
1499,2.906,1.95849583333333,2.092
1500,2.994,1.89337768817204,2.028
1501,3.137,1.96052419354839,2.0755
1502,3.025,2.06279017857143,2.1455
1503,2.574,1.8318252688172,1.952
1504,2.571,1.80988055555556,1.964
1505,2.686,1.81230913978495,1.943
1506,2.878,1.80891388888889,1.94
1507,2.906,1.80738709677419,1.9305
1508,2.784,1.83169623655914,1.97
1509,2.659,1.86580555555556,1.994
1510,2.638,1.83554435483871,1.961
1511,3.037,1.92088055555556,2.0695
1512,3.183,1.99049865591398,2.1145
1513,3.25,1.97249059139785,2.098
1514,3.04,2.04948660714286,2.18
1515,2.635,1.80795161290323,1.924
1516,2.561,1.81876944444444,1.93
1517,2.683,1.81103225806452,1.949
1518,2.878,1.72903194444444,1.885
1519,2.854,1.74027822580645,1.8665
1520,2.741,1.79274596774194,1.918
1521,2.622,1.81081388888889,1.949
1522,2.772,1.9158373655914,2.0325
1523,3.116,1.99211666666667,2.055
1524,3.122,1.93067876344086,2.0785
1525,NA,NA,NA
1526,3.205,2.05172023809524,2.1915
1527,2.833,1.82465994623656,1.9595
1528,2.756,1.78758472222222,1.8985
1529,2.863,1.77199193548387,1.885
1530,2.924,1.8226125,1.988
1531,2.875,1.84419220430108,2.0055
1532,2.811,1.85882258064516,1.984
1533,2.577,1.83426805555556,1.9745
1534,2.851,1.88445295698925,2.025
1535,2.949,1.99326805555556,2.0845
1536,3.028,1.85105107526882,1.9565
1537,3.144,1.96589516129032,2.0695
1538,3.125,1.8817974137931,2.01
1539,3.064,1.93624731182796,2.0875
1540,2.851,1.8832625,2.007
1541,2.909,1.75582123655914,1.857
1542,2.964,1.80752083333333,1.961
1543,2.936,1.81570295698925,1.964
1544,2.741,1.78504032258065,1.952
1545,2.616,1.80470694444444,1.9305
1546,2.942,1.82176344086022,1.952
1547,3.055,1.92922916666667,2.063
1548,3.43,1.97574731182796,2.071
1549,3.055,1.85653629032258,2.01
1550,2.735,1.76044047619048,1.888
1551,2.61,1.77314784946237,1.906
1552,2.985,1.83173194444444,1.9655
1553,2.75,1.73255376344086,1.842
1554,2.949,1.81209583333333,1.949
1555,2.97,1.81035080645161,1.93
1556,2.985,1.8051438172043,1.94
1557,2.741,1.80793472222222,1.9625
1558,2.752,1.81878897849462,1.947
1559,2.761,1.71672083333333,1.868
1560,3.173,1.90722175732218,2.088
1561,3.186,1.85582795698925,2.0175
1562,3.168,1.97848511904762,2.101
1563,2.729,1.84033870967742,1.9625
1564,2.756,1.87492083333333,2.0145
1565,2.997,1.80794086021505,1.9285
1566,3.009,1.81445,1.967
1567,2.936,1.79800940860215,1.946
1568,2.909,1.86386155913978,1.9745
1569,2.787,1.88954583333333,2.052
1570,2.881,1.88351478494624,2.028
1571,3.162,1.93133333333333,2.071
1572,3.125,1.96579838709677,2.0935
1573,3.375,2.05769892473118,2.223
1574,3.092,1.93900595238095,2.0585
1575,2.802,1.86316397849462,2.019
1576,2.936,1.8195625,1.918
1577,2.888,1.80215188172043,1.932
1578,2.936,1.83825,2.0145
1579,2.973,1.80894220430108,1.9625
1580,2.82,1.79977822580645,1.9305
1581,2.802,1.86009444444444,1.979
1582,2.827,1.86990053763441,2.049
1583,3.083,1.88532916666667,2.028
1584,3.424,2.09477419354839,2.241
1585,3.122,1.92697311827957,2.071
1586,2.964,1.91433908045977,2.0565
1587,2.872,1.89154569892473,2.022
1588,3.037,1.95946464646465,2.107
1589,3.147,1.848625,1.958
1590,3.031,1.79229583333333,1.955
1591,3.086,1.85288306451613,2.0205
1592,2.912,1.85978091397849,2.001
1593,2.814,1.79791944444444,1.934
1594,2.997,1.84030913978495,1.9625
1595,3.363,1.93992916666667,2.037
1596,3.406,1.94032795698925,2.123
1597,3.461,2.0193064516129,2.1425
1598,2.854,1.84817113095238,1.9655
1599,2.994,1.91344086021505,2.071
1600,2.717,1.70444583333333,1.839
1601,2.869,1.7873064516129,1.955
1602,3.046,1.74784444444444,1.879
1603,2.949,1.71828494623656,1.845
1604,NA,NA,NA
1605,NA,NA,NA
1606,NA,NA,NA
1607,NA,NA,NA
1608,NA,NA,NA
1609,NA,NA,NA
1610,NA,NA,NA
1611,NA,NA,NA
1612,NA,NA,NA
1613,NA,NA,NA
1614,NA,NA,NA
1615,2.924,1.75863709677419,1.888
1616,2.756,1.77711155913979,1.888
1617,2.604,1.77412916666667,1.934
1618,3.016,1.84637903225806,2.01
1619,3.062,1.98667222222222,2.101
1620,3.077,1.92378225806452,2.0475
1621,3.198,2.05555540540541,2.193
1622,NA,NA,NA
1623,2.97,1.93547311827957,2.071
1624,2.772,1.80026944444444,1.906
1625,2.772,1.7267876344086,1.873
1626,2.894,1.77542777777778,1.949
1627,2.909,1.78122580645161,1.934
1628,2.787,1.79135080645161,1.918
1629,2.924,1.81186111111111,1.918
1630,2.924,1.78374596774194,1.918
1631,2.894,1.76272222222222,1.888
1632,3.168,1.88772580645161,2.04
1633,3.198,1.93990994623656,2.0475
1634,2.863,1.89279166666667,2.01
1635,2.711,1.7642688172043,1.918
1636,2.772,1.71097916666667,1.827
1637,2.863,1.79557258064516,1.918
1638,NA,NA,NA
1639,2.802,1.77054032258065,1.918
1640,2.711,1.7669126344086,1.903
1641,2.68,1.75375416666667,1.888
1642,2.894,1.74513037634409,1.888
1643,2.924,1.71859305555556,1.857
1644,3.229,1.86843817204301,2.01
1645,2.833,1.75452150537634,1.857
1646,3.168,1.94784375,2.04
1647,2.787,1.85493682795699,1.979
1648,3.168,1.82051527777778,1.918
1649,2.924,1.76709543010753,1.918
1650,2.939,1.82295416666667,1.926
1651,2.802,1.76902150537634,1.865
1652,2.741,1.7184811827957,1.857
1653,2.528,1.77235694444444,1.903
1654,2.802,1.84292741935484,1.964
1655,3.153,1.97031527777778,2.086
1656,3.137,1.94258198924731,2.101
1657,3.168,1.89049327956989,2.01
1658,3.077,2.01849553571429,2.116
1659,3.016,1.95256451612903,2.04
1660,2.696,1.77025277777778,1.888
1661,2.787,1.70222446236559,1.857
1662,2.848,1.70106944444444,1.857
1663,2.894,1.73840053763441,1.857
1664,2.589,1.69892876344086,1.796
1665,2.558,1.77411388888889,1.903
1666,2.711,1.83222311827957,1.949
1667,2.863,1.7902375,1.949
1668,2.939,1.83805913978495,1.949
1669,3.229,1.93127688172043,2.025
1670,3.046,1.815375,1.888
1671,2.558,1.73247715053763,1.857
1672,2.558,1.71048472222222,1.812
1673,2.802,1.76435215053763,1.888
1674,3.016,1.76631666666667,1.8495
1675,2.802,1.72728225806452,1.827
1676,2.711,1.76971505376344,1.888
1677,2.528,1.78123472222222,1.888
1678,2.619,1.80022043010753,1.9335
1679,2.894,1.88390555555556,2.01
1680,3.32,2.04056451612903,2.193
1681,3.351,2.023375,2.132
1682,3.016,2.03592097701149,2.132
1683,2.668,1.90581720430108,2.034
1684,2.741,1.8095375,1.949
1685,2.802,1.8144247311828,1.918
1686,2.787,1.75421805555556,1.903
1687,2.756,1.81196639784946,1.949
1688,2.68,1.79800403225806,1.926
1689,2.665,1.86804583333333,1.994
1690,2.955,1.92192741935484,2.025
1691,3.046,1.90328333333333,2.01
1692,3.458,2.07101344086022,2.223
1693,3.153,2.06954166666667,2.223
1694,2.985,2.05457142857143,2.1545
1695,2.894,1.98404166666667,2.101
1696,2.817,1.89364722222222,2.01
1697,2.894,1.88285887096774,2.025
1698,2.772,1.82332222222222,1.979
1699,2.848,1.83265322580645,1.926
1700,2.784,1.8809314516129,1.994
1701,2.726,1.89826388888889,2.055
1702,2.726,1.88161827956989,1.9865
1703,2.985,1.97160555555556,2.147
1704,3.427,2.10533467741935,2.223
1705,2.985,1.94056989247312,2.101
1706,2.894,1.91616071428571,2.04
1707,2.589,1.78917876344086,1.918
1708,2.741,1.89903055555556,2.01
1709,2.833,1.82775134408602,1.949
1710,2.878,1.78989305555556,1.949
1711,2.863,1.83279032258065,1.979
1712,2.711,1.81724865591398,1.918
1713,2.497,1.79095416666667,1.918
1714,2.68,1.81899327956989,1.964
1715,2.894,1.91826666666667,2.01
1716,3.046,1.93207258064516,2.04
1717,2.955,1.88170833333333,2.01
1718,2.985,1.90083630952381,1.994
1719,2.665,1.84043010752688,1.964
1720,2.878,1.8880625,2.025
1721,2.817,1.74623521505376,1.857
1722,2.909,1.82837916666667,1.949
1723,2.878,1.81844892473118,1.9715
1724,2.863,1.82377150537634,1.964
1725,2.619,1.82088055555556,1.934
1726,2.756,1.91433602150538,2.071
1727,2.97,1.84953055555556,1.964
1728,3.107,1.82080913978495,1.934
1729,3.092,1.92483870967742,2.055
1730,2.848,1.82434626436782,1.934
1731,2.589,1.75246908602151,1.873
1732,2.635,1.81364722222222,1.979
1733,2.696,1.75483467741935,1.857
1734,2.756,1.7814875,1.903
1735,2.787,1.77537231182796,1.918
1736,2.833,1.77503360215054,1.903
1737,2.726,1.81870833333333,1.979
1738,2.955,1.82429569892473,1.964
1739,3.016,1.95064305555556,2.055
1740,3.229,1.85498790322581,1.979
1741,3.137,1.89176075268817,2.055
1742,3.077,1.87650148809524,2.002
1743,2.985,1.89613575268817,1.949
1744,2.574,1.70404722222222,1.827
1745,3.046,1.82693279569892,1.949
1746,2.833,1.76450138888889,1.918
1747,2.924,1.80171102150538,1.926
1748,2.756,1.78576075268817,1.918
1749,2.68,1.78894722222222,1.934
1750,2.833,1.78399865591398,1.918
1751,3.107,1.95399861111111,2.071
1752,3.198,2.02813306451613,2.162
1753,3.229,1.91091666666667,2.04
1754,2.924,1.97065327380952,2.116
1755,2.772,1.88455779569892,1.994
1756,2.741,1.82191805555556,1.918
1757,2.985,1.80457123655914,1.949
1758,3.061,1.83365833333333,1.979
1759,2.985,1.83070295698925,1.994
1760,2.772,1.79033870967742,1.918
1761,2.756,1.83756944444444,1.994
1762,2.665,1.81230913978495,1.994
1763,3.031,1.84258194444444,1.949
1764,3.259,1.91782392473118,2.055
1765,3.046,1.84960483870968,1.979
1766,3.168,1.89349702380952,2.04
1767,2.955,1.8799247311828,2.01
1768,2.65,1.77821388888889,1.949
1769,2.863,1.78350672043011,1.888
1770,3.046,1.84303333333333,1.979
1771,3.031,1.82867607526882,1.994
1772,2.955,1.84181989247312,2.01
1773,2.802,1.80215,1.9415
1774,3.092,1.96613978494624,2.071
1775,2.985,1.79835972222222,1.903
1776,3.381,1.92106048387097,2.0935
1777,3.229,1.89712903225806,2.0555
1778,3.107,1.9271408045977,2.04
1779,2.863,1.86985080645161,2.01
1780,2.833,1.97868611111111,2.162
1781,3.016,1.89536021505376,2.01
1782,3.107,1.85240833333333,1.979
1783,3.134,1.83459408602151,1.964
1784,3.049,1.83826344086021,1.985
1785,2.775,1.83970416666667,2.01
1786,2.848,1.81127553763441,1.937
1787,3.147,1.85801805555556,1.976
1788,3.171,1.9564623655914,2.126
1789,2.942,1.73754166666667,1.897
1790,3.186,1.99048214285714,2.1175
1791,3.043,1.93350537634409,2.022
1792,2.729,1.77269722222222,1.9135
1793,2.976,1.83654032258065,1.9595
1794,2.958,1.79337222222222,1.952
1795,2.888,1.76256586021505,1.8865
1796,2.848,1.81531048387097,1.94
1797,2.817,1.82241111111111,1.97
1798,2.702,1.72698252688172,1.8925
1799,3.104,1.90502638888889,1.9535
1800,3.308,1.90703494623656,2.0585
1801,3.077,1.9181747311828,2.113
1802,3.092,1.94029761904762,2.083
1803,2.881,1.92504704301075,2.0995
1804,2.894,1.82260277777778,1.943
1805,2.985,1.73010080645161,1.845
1806,3.086,1.80182777777778,1.985
1807,3.061,1.82210483870968,2.004
1808,2.86,1.82283602150538,1.927
1809,2.79,1.82956805555556,1.976
1810,3.077,1.97530107526882,2.095
1811,3.107,1.95074305555556,2.077
1812,3.357,2.03892204301075,2.168
1813,3.311,1.9857876344086,2.077
1814,3.33,1.97003273809524,2.0965
1815,2.97,1.84804704301075,2.0055
1816,2.869,1.75478472222222,1.9
1817,3.162,1.80206048387097,1.8925
1818,3.034,1.80397777777778,1.9535
1819,3.116,1.84125537634409,1.988
1820,2.817,1.82703629032258,1.9565
1821,2.772,1.87514305555556,2.031
1822,2.894,1.91758333333333,2.071
1823,3.686,1.99892083333333,2.1545
1824,3.503,1.97070564516129,2.1195
1825,3.351,2.08433467741935,2.223
1826,3.183,1.96166379310345,2.0585
1827,2.894,1.87761693548387,2.025
1828,2.833,1.77404583333333,1.888
1829,2.863,1.74622446236559,1.8835
1830,2.933,1.79846666666667,1.946
1831,2.903,1.78266801075269,1.9225
1832,3.016,1.82746370967742,1.979
1833,2.787,1.82754861111111,2.01
1834,2.72,1.79000940860215,1.912
1835,3.168,1.85925,2.0205
1836,3.503,2.11476075268817,2.2505
1837,3.357,2.15325672043011,2.3195
1838,2.848,1.83060119047619,2.001
1839,3.07,1.87650134408602,1.949
1840,2.79,1.80025277777778,1.9415
1841,2.894,1.84089919354839,2.01
1842,2.9,1.79714166666667,1.9565
1843,2.933,1.7857997311828,1.903
1844,2.811,1.84962096774194,1.979
1845,2.909,1.85532361111111,2.0145
1846,2.787,1.84935887096774,1.991
1847,3.427,2.05490416666667,2.1085
1848,3.311,1.92374865591398,2.04
1849,3.381,2.09916666666667,2.254
1850,3.305,2.01412351190476,2.132
1851,3.198,1.88220698924731,2.049
1852,3.016,1.81403194444444,1.918
1853,2.955,1.78094489247312,1.921
1854,2.994,1.84568333333333,2.01
1855,2.894,1.82197983870968,2.01
1856,2.772,1.83229704301075,1.949
1857,2.833,1.83905833333333,1.979
1858,2.863,1.86420295698925,2.01
1859,3.168,1.98968611111111,2.162
1860,3.381,2.02003091397849,2.162
1861,3.107,1.89798387096774,2.01
1862,3.046,1.8184806547619,1.949
1863,2.924,1.78128225806452,1.918
1864,2.955,1.86276527777778,2.01
1865,2.833,1.71653629032258,1.827
1866,3.016,1.7713125,1.918
1867,2.985,1.8014247311828,1.949
1868,2.772,1.77131586021505,1.888
1869,2.741,1.79670833333333,1.918
1870,2.802,1.83015456989247,1.949
1871,3.137,1.88448055555556,1.979
1872,3.442,2.04350940860215,2.254
1873,3.32,2.11425537634409,2.254
1874,2.985,1.86325862068966,1.949
1875,2.955,1.87698387096774,1.949
1876,2.711,1.78969722222222,1.918
1877,2.863,1.80827016129032,1.949
1878,3.016,1.84012638888889,1.949
1879,2.924,1.82372580645161,1.918
1880,2.772,1.79365994623656,1.918
1881,2.65,1.81588611111111,1.979
1882,2.863,1.879,1.979
1883,2.741,1.75416527777778,1.918
1884,3.077,1.86479032258065,2.04
1885,2.985,1.82828360215054,1.979
1886,3.016,1.90077380952381,1.979
1887,2.833,1.92300537634409,2.01
1888,2.863,1.81156805555556,1.949
1889,2.863,1.88561155913978,2.04
1890,2.894,1.81924305555556,1.979
1891,2.833,1.8489126344086,1.949
1892,2.772,1.86010215053763,1.949
1893,2.924,1.89143472222222,2.04
1894,2.924,1.91032661290323,2.04
1895,2.894,1.86564722222222,1.979
1896,3.32,2.07080107526882,2.162
1897,3.107,2.07838306451613,2.254
1898,3.137,2.18039136904762,2.284
1899,2.741,1.95216532258065,2.101
1900,3.016,1.93212361111111,2.04
1901,2.894,1.83325403225806,1.964
1902,2.894,1.88539861111111,2.04
1903,2.924,1.87596102150538,2.01
1904,2.741,1.87670161290323,1.979
1905,2.711,1.87181805555556,1.949
1906,2.802,1.88821102150538,1.979
1907,2.955,1.92492361111111,2.071
1908,3.198,2.00785752688172,2.162
1909,3.381,2.05670833333333,2.132
1910,2.894,2.00213244047619,2.132
1911,2.863,1.84565188172043,1.979
1912,2.772,1.79236944444444,1.918
1913,2.802,1.79333467741935,1.918
1914,2.863,1.81919583333333,1.918
1915,2.863,1.79972983870968,1.918
1916,2.68,1.82259005376344,1.918
1917,2.741,1.90346111111111,2.04
1918,2.68,1.87075537634409,1.949
1919,2.833,1.81904722222222,1.949
1920,3.016,1.91052956989247,2.071
1921,3.137,1.92051612903226,2.04
1922,3.168,1.94109913793103,2.01
1923,2.772,1.86722446236559,1.949
1924,3.016,1.87334444444444,2.01
1925,2.863,1.85091129032258,1.964
1926,2.863,1.75865,1.918
1927,2.924,1.78284005376344,1.888
1928,2.741,1.78957123655914,1.888
1929,2.65,1.78753472222222,1.918
1930,2.802,1.83888037634409,1.918
1931,3.016,1.92259861111111,2.01
1932,3.351,1.92490053763441,2.071
1933,3.229,2.00079166666667,2.132
1934,3.107,2.03690625,2.132
1935,2.955,2.03557392473118,2.101
1936,2.619,1.78308194444444,1.888
1937,2.711,1.82570161290323,1.949
1938,2.802,1.81791111111111,1.979
1939,2.863,1.80897311827957,1.979
1940,2.802,1.83270295698925,1.918
1941,2.65,1.81332361111111,1.949
1942,2.802,1.79088306451613,1.949
1943,2.955,1.83786111111111,1.888
1944,3.046,1.91642741935484,2.04
1945,2.985,1.80886559139785,1.949
1946,2.863,1.94144791666667,2.071
1947,2.802,1.84504838709677,2.01
1948,2.619,1.76739027777778,1.918
1949,2.711,1.78556451612903,1.888
1950,2.863,1.75504027777778,1.888
1951,2.711,1.75670967741935,1.918
1952,2.711,1.81782930107527,1.949
1953,2.68,1.86131388888889,1.979
1954,2.924,1.92587231182796,2.04
1955,3.107,1.94623888888889,2.101
1956,2.985,1.94094220430108,2.071
1957,2.863,1.77002553763441,1.912
1958,3.208,1.9617068452381,2.065
1959,3.031,1.85694086021505,1.967
1960,2.833,1.94535833333333,2.104
1961,2.86,1.84713172043011,1.976
1962,2.961,1.80066666666667,1.9225
1963,2.997,1.85318010752688,1.97
1964,2.741,1.84592204301075,1.9865
1965,2.747,1.90440277777778,2.0585
1966,2.952,1.9659502688172,2.065
1967,3.186,2.06249305555556,2.141
1968,3.144,1.95186424731183,2.113
1969,3.342,2.08003225806452,2.238
1970,2.723,1.74257614942529,1.865
1971,2.875,1.83451747311828,1.9355
1972,2.592,1.69555972222222,1.8525
1973,2.717,1.72849193548387,1.857
1974,2.967,1.78011388888889,1.937
1975,2.982,1.80704704301075,1.9595
1976,2.897,1.84811693548387,1.976
1977,2.769,1.82830416666667,1.964
1978,2.744,1.84972446236559,1.985
1979,2.991,1.91230972222222,2.0235
1980,3.372,2.03329704301075,2.1665
1981,3.27,2.01156048387097,2.165
1982,2.92,1.87040476190476,1.98
1983,2.67,1.80911290322581,1.95
1984,2.88,1.87455555555556,1.94
1985,2.87,1.73790322580645,1.865
1986,2.96,1.78573472222222,1.945
1987,3.05,1.81138440860215,1.98
1988,2.94,1.87967741935484,1.99
1989,2.64,1.85620833333333,1.99
1990,2.97,1.89763440860215,2.04
1991,3.07,2.0735,2.2
1992,3.26,2.08241935483871,2.225
1993,3.42,2.06896505376344,2.2
1994,3.32,1.95016369047619,2.06
1995,2.95,1.94090053763441,2.06
1996,2.78,1.79525,1.925
1997,2.82,1.74688172043011,1.845
1998,2.97,1.78576388888889,1.915
1999,2.97,1.81785887096774,1.99
2000,2.87,1.83201612903226,1.99
2001,2.71,1.82854166666667,1.95
2002,2.76,1.84655913978495,1.97
2003,3.13,1.96195833333333,2.075
2004,3.37,2.06627688172043,2.215
2005,3.31,2.0064247311828,2.13
2006,2.94,1.87952380952381,2.02
2007,2.94,1.96052419354839,2.11
2008,2.87,1.89469444444444,2.05
2009,2.82,1.78081989247312,1.895
2010,3,1.84052083333333,1.96
2011,2.93,1.83469086021505,1.96
2012,2.81,1.83403225806452,1.97
2013,2.87,1.88709722222222,2.02
2014,2.99,1.9377688172043,2.04
2015,3.17,1.91163888888889,2.05
2016,3.53,1.94202956989247,2.065
2017,3.33,1.99997446236559,2.175
2018,3.22,2.01466954022988,2.18
2019,2.82,1.94760752688172,2.035
2020,2.77,1.76344444444444,1.89
2021,2.99,1.82912634408602,1.97
2022,3.04,1.79617916666667,1.95
2023,3.13,1.84940725806452,1.97
2024,2.99,1.91868279569892,2.03
2025,2.8,1.87261111111111,2.04
2026,2.99,1.9484811827957,2.085
2027,3.44,1.99526388888889,2.11
2028,3.28,2.08763440860215,2.23
2029,3.38,2.09094086021505,2.255
2030,3.26,2.09318452380952,2.21
2031,2.79,1.85483870967742,2.015
2032,3.08,1.93976388888889,2.03
2033,2.92,1.82885887096774,1.98
2034,3.03,1.87598472222222,2.04
2035,3.07,1.80708333333333,1.96
2036,2.9,1.81510752688172,1.92
2037,2.89,1.89526388888889,2.03
2038,2.89,1.89879032258065,2.05
2039,2.94,1.91002777777778,2.115
2040,3.65,2.05761693548387,2.13
2041,3.2,2.02349193548387,2.145
2042,3.18,1.93141369047619,2.03
2043,2.9,1.86813172043011,1.985
2044,2.76,1.72995833333333,1.865
2045,2.75,1.7052688172043,1.785
2046,2.93,1.77161111111111,1.91
2047,2.97,1.78564516129032,1.935
2048,2.77,1.78818548387097,1.925
2049,2.72,1.78927777777778,1.94
2050,3.01,1.87681451612903,1.985
2051,3.24,1.94444444444444,2.11
2052,3.37,2.05975806451613,2.21
2053,3.12,1.9107123655914,2.055
2054,2.85,1.8402380952381,1.965
2055,2.99,1.90741935483871,2.045
2056,2.85,1.85069444444444,2.01
2057,2.9,1.79573924731183,1.93
2058,2.98,1.830125,1.95
2059,2.95,1.82619623655914,1.955
2060,2.88,1.86849462365591,1.98
2061,2.92,1.87173611111111,2.01
2062,2.77,1.86458333333333,1.98
2063,3.01,1.91471527777778,2.065
2064,3.22,1.97697580645161,2.16
2065,3.13,1.92916666666667,2.11
2066,3.04,1.99636494252874,2.085
2067,3,1.97333333333333,2.05
2068,2.9,1.90241666666667,2.05
2069,2.97,1.80722043010753,1.965
2070,3.16,1.87604166666667,2.005
2071,3.06,1.88282392473118,1.98
2072,2.87,1.88659946236559,1.98
2073,2.78,1.900625,2.045
2074,2.97,1.85979704301075,2.01
2075,3.09,1.99418055555556,2.125
2076,3.41,2.04629032258065,2.18
2077,3.58,2.0558064516129,2.145
2078,3.09,1.97816964285714,2.06
2079,NA,NA,NA
2080,NA,NA,NA
2081,2.88,1.75664650537634,1.89
2082,2.92,1.78347222222222,1.945
2083,2.87,1.78259408602151,1.95
2084,2.69,1.80477150537634,1.9
2085,2.75,1.82158333333333,1.95
2086,2.74,1.84048387096774,2.02
2087,3.24,2.00311111111111,2.115
2088,3.48,2.08608870967742,2.22
2089,3.48,1.9885873655914,2.1
2090,3.16,1.94761904761905,2.05
2091,3.08,2.03028225806452,2.12
2092,2.86,1.90180555555556,2.02
2093,2.87,1.79865591397849,1.88
2094,3.07,1.84506944444444,1.98
2095,3.07,1.85449059139785,2.02
2096,2.81,1.84834677419355,1.98
2097,2.69,1.84395833333333,1.975
2098,2.64,1.78060483870968,1.925
2099,2.95,1.90055555555556,2.075
2100,3.03,1.94246908602151,2.1
2101,3.12,1.87881720430108,2.01
2102,2.96,1.96313988095238,2.05
2103,2.86,1.90235215053763,2.005
2104,2.76,1.78077777777778,1.92
2105,2.66,1.7432123655914,1.91
2106,2.76,1.75779166666667,1.9
2107,2.81,1.80389784946237,1.91
2108,2.76,1.81182795698925,1.94
2109,2.63,1.78965277777778,1.94
2110,2.86,1.93306451612903,2.05
2111,3.1,1.97954166666667,2.1
2112,3.27,1.89965053763441,2.04
2113,3.07,1.89224462365591,2.03
2114,2.87,1.94567528735632,2.04
2115,2.84,1.85772849462366,1.94
2116,2.89,1.834625,1.97
2117,2.77,1.78295698924731,1.92
2118,2.93,1.79963888888889,1.95
2119,3.01,1.87028225806452,2.005
2120,2.79,1.87658602150538,1.955
2121,2.89,1.88597222222222,2.04
2122,3.03,1.87536290322581,2.02
2123,2.84,1.84731944444444,1.95
2124,3.08,1.92132392473118,2.065
2125,2.93,1.86637096774194,1.985
2126,2.98,1.8894494047619,2.01
2127,2.96,1.8365188172043,1.955
2128,2.63,1.70195833333333,1.81
2129,2.87,1.80771505376344,1.94
2130,2.83,1.77631944444444,1.9
2131,2.85,1.76869086021505,1.925
2132,2.69,1.87885752688172,1.975
2133,2.76,1.88344444444444,1.985
2134,2.76,1.88033602150538,2.01
2135,3.03,1.95959722222222,2.07
2136,3.3,2.08548387096774,2.19
2137,3.48,2.12467741935484,2.21
2138,3.35,2.05409226190476,2.125
2139,2.83,1.92538978494624,2.05
2140,2.76,1.86573611111111,2
2141,2.8,1.77010752688172,1.84
2142,2.85,1.77793055555556,1.9
2143,2.76,1.7791935483871,1.93
2144,2.79,1.84844086021505,2
2145,2.77,1.82679166666667,1.95
2146,2.56,1.72323924731183,1.82
2147,2.83,1.74486764705882,1.85
2148,2.75,1.69362903225806,1.85
2149,2.92,1.84541666666667,1.99
2150,3.06,2.01610119047619,2.125
2151,2.76,1.86897849462366,2
2152,2.6,1.81795833333333,1.96
2153,2.71,1.76997311827957,1.92
2154,2.68,1.73473611111111,1.86
2155,2.94,1.81920698924731,1.92
2156,2.74,1.81907258064516,1.94
2157,2.74,1.86095833333333,1.99
2158,2.91,1.91227150537634,2.035
2159,2.89,1.90676388888889,2.02
2160,3.25,2.02313172043011,2.13
2161,3.32,1.98895161290323,2.145
2162,2.95,2.01632183908046,2.13
2163,2.88,1.91755376344086,2.02
2164,2.73,1.85094444444444,1.93
2165,2.73,1.7927688172043,1.95
2166,2.82,1.83041666666667,1.985
2167,2.78,1.79704301075269,1.965
2168,2.71,1.83780913978495,1.935
2169,2.69,1.84591666666667,1.995
2170,2.85,1.86286290322581,2.02
2171,3.12,1.96345833333333,2.095
2172,3.28,2.06741935483871,2.19
2173,3.21,2.06423387096774,2.2
2174,3.13,1.99462797619048,2.09
2175,2.73,1.95720430107527,2.095
2176,2.71,1.88263888888889,2.025
2177,2.86,1.88118279569892,1.99
2178,3,1.86443055555556,2
2179,2.93,1.88016129032258,2.05
2180,2.82,1.93315860215054,2.09
2181,2.78,1.90511111111111,2.02
2182,2.82,1.97668010752688,2.1
2183,3.6,2.10488888888889,2.23
2184,3.36,2.12283602150538,2.26
2185,3.11,2.00280913978495,2.13
2186,3.07,2.03053571428571,2.175
2187,3.03,2.06815860215054,2.205
2188,2.94,1.99986111111111,2.1
2189,2.86,1.83255913978495,1.96
2190,3.12,1.93018055555556,2.06
2191,3.02,1.90552419354839,2.06
2192,2.85,1.89646505376344,2.05
2193,2.66,1.92327777777778,2.07
2194,2.97,1.9976747311828,2.1
2195,3.45,2.10944444444444,2.175
2196,3.47,2.13074327956989,2.245
2197,3.64,2.23016129032258,2.385
2198,3.28,2.2621130952381,2.385
2199,3.07,2.16396505376344,2.26
2200,2.82,1.93129166666667,2.06
2201,2.82,1.88322580645161,2.03
2202,3.03,1.89761111111111,2.035
2203,3.07,1.94375537634409,2.075
2204,3.08,1.94252688172043,2.08
2205,2.86,1.92633333333333,2.08
2206,2.78,1.91,2.07
2207,3.38,2.19622222222222,2.33
2208,3.02,1.96950806451613,2.115
2209,2.98,1.88904569892473,2.06
2210,3.23,1.98419540229885,2.115
2211,2.93,1.9677688172043,2.06
2212,2.9,1.85581944444444,1.925
2213,2.8,1.84248655913978,1.98
2214,3.01,1.81541666666667,1.97
2215,2.97,1.81762096774194,1.995
2216,2.88,1.88034946236559,2.005
2217,2.81,1.90609722222222,2.045
2218,2.91,1.93615591397849,2.11
2219,3.25,2.11719444444444,2.24
2220,3.07,1.94420295698925,2.055
2221,3.06,1.86635752688172,1.985
2222,3.04,1.81044642857143,1.94
2223,2.78,1.79127688172043,1.95
2224,2.79,1.817875,1.97
2225,2.91,1.78187096774194,1.895
2226,3.07,1.81687638888889,1.97
2227,3.05,1.8348561827957,2.01
2228,2.87,1.82010752688172,1.99
2229,2.73,1.88084722222222,2.005
2230,2.98,1.88751344086021,2.04
2231,3.06,1.83942083333333,1.97
2232,2.98,1.83638844086022,2.01
2233,3.35,2.04729704301075,2.215
2234,3.15,2.04553571428571,2.175
2235,3.03,1.96372311827957,2.11
2236,2.94,1.80347222222222,1.94
2237,3.09,1.82958333333333,1.96
2238,3,1.81983333333333,1.96
2239,2.95,1.82057795698925,1.96
2240,2.96,1.8569623655914,2.01
2241,2.84,1.87858333333333,2.03
2242,2.78,1.86037634408602,2
2243,3.14,1.89795833333333,2.03
2244,3.38,1.98477419354839,2.14
2245,3.47,1.98241935483871,2.11
2246,3.04,1.9978125,2.13
2247,3.01,1.98747311827957,2.09
2248,2.82,1.80905555555556,1.96
2249,2.99,1.85724462365591,1.995
2250,3.03,1.79105555555556,1.97
2251,3.13,1.89471370967742,2.04
2252,3.01,1.83576612903226,1.95
2253,2.74,1.80106944444444,1.97
2254,2.79,1.87700268817204,2.03
2255,3.16,1.92294444444444,1.985
2256,3.47,2.01665322580645,2.13
2257,3.31,1.96670698924731,2.15
2258,2.9,1.79936781609195,1.92
2259,2.92,1.80936827956989,1.94
2260,2.82,1.852,1.97
2261,2.95,1.85170698924731,1.995
2262,3.05,1.81830555555556,1.985
2263,2.97,1.81490860215054,1.98
2264,2.85,1.83875,1.96
2265,2.72,1.81461111111111,1.97
2266,2.84,1.82541666666667,1.98
2267,3.42,2.00070833333333,2.1
2268,3.27,1.84439919354839,1.97
2269,2.98,1.84647849462366,1.97
2270,2.71,1.75139880952381,1.91
2271,3.06,1.96848739495798,2.12
2272,2.82,1.86226388888889,2.01
2273,2.92,1.83891129032258,1.935
2274,3.07,1.85372222222222,2.005
2275,3.14,1.87716397849462,2.03
2276,2.86,1.87154569892473,2.01
2277,2.83,1.89455555555556,2.01
2278,2.9,1.90087365591398,2.065
2279,3.09,1.90376388888889,2.045
2280,2.97,1.87222715053763,2.05
2281,3.38,1.98166666666667,2.13
2282,3.27,1.95026785714286,2.06
2283,2.87,1.85748655913978,1.99
2284,2.97,1.84159722222222,1.99
2285,3.05,1.83059139784946,1.95
2286,3.11,1.89141666666667,2
2287,3.06,1.87279569892473,2.005
2288,2.94,1.90298387096774,2.03
2289,2.81,1.90958333333333,2.06
2290,2.78,1.9077331420373,2.07
2291,3.05,1.98922222222222,2.14
2292,3.26,1.87923387096774,2.035
2293,3.18,1.86119892473118,2.01
2294,NA,NA,NA
2295,2.84,1.94001426533524,2.06
2296,2.8,1.82423611111111,1.96
2297,2.92,1.79520161290323,1.945
2298,2.91,1.77741666666667,1.91
2299,3.01,1.80373655913978,1.95
2300,3.11,1.89989247311828,2.005
2301,2.76,1.84369444444444,1.995
2302,2.98,1.85165322580645,2.01
2303,3.07,1.909,2.055
2304,3.19,1.95022849462366,2.1
2305,3.37,2.05985215053763,2.215
2306,3.29,2.16130747126437,2.275
2307,2.79,1.98349462365591,2.12
2308,3.02,1.95108333333333,2.1
2309,2.84,1.83418010752688,2
2310,3.08,1.86268194444444,2.02
2311,3.01,1.88486559139785,2.05
2312,2.75,1.86752688172043,1.97
2313,2.81,1.87956944444444,2.01
2314,3.07,1.93301075268817,2.06
2315,3.14,1.92697222222222,2.1
2316,3.37,1.98340053763441,2.12
2317,3.34,2.01345430107527,2.115
2318,2.98,1.9703869047619,2.085
2319,2.87,1.94493279569892,2.09
2320,2.98,1.95858333333333,2.09
2321,2.92,1.9558064516129,2.055
2322,3.05,1.91181944444444,2.06
2323,2.83,1.83240591397849,1.98
2324,2.87,1.84951612903226,1.99
2325,2.72,1.8485,1.97
2326,2.82,1.85692204301075,2
2327,2.93,1.80306944444444,1.94
2328,3.4,1.95346774193548,2.09
2329,3.08,1.94264784946237,2.05
2330,2.91,1.97784226190476,2.085
2331,2.98,1.89048387096774,2.015
2332,2.81,1.82115277777778,1.98
2333,2.88,1.82040322580645,1.96
2334,2.92,1.83152222222222,1.96
2335,2.88,1.82266129032258,1.935
2336,2.68,1.84387096774194,1.96
2337,2.72,1.85076388888889,2
2338,2.84,1.87560483870968,2
2339,3.12,1.94547222222222,2.08
2340,3.25,2.075375,2.22
2341,3.25,2.14795698924731,2.31
2342,2.84,1.9658630952381,2.09
2343,3.25,2.05881720430108,2.09
2344,2.75,1.84718055555556,1.97
2345,2.89,1.82370564516129,1.97
2346,2.97,1.82844444444444,1.97
2347,2.93,1.8765188172043,2
2348,2.87,1.85693548387097,1.95
2349,2.76,1.87584722222222,2
2350,2.86,1.83247311827957,1.965
2351,3.12,1.95879166666667,2.05
2352,3.21,2.07272177419355,2.21
2353,3.21,2.01272849462366,2.135
2354,3.07,2.04610632183908,2.2
2355,2.69,1.86293010752688,1.99
2356,2.93,1.94436111111111,2.04
2357,2.86,1.84034946236559,1.95
2358,2.85,1.78455555555556,1.96
2359,2.94,1.84271505376344,1.985
2360,2.79,1.84668010752688,1.95
2361,2.57,1.84861111111111,1.97
2362,2.84,1.89302419354839,2.04
2363,2.77,1.89143055555556,2.005
2364,3.27,2.03938172043011,2.18
2365,3.34,2.04036290322581,2.18
2366,2.8,1.87431547619048,1.96
2367,2.69,1.93532258064516,2.045
2368,2.58,1.83341666666667,1.98
2369,2.82,1.89663978494624,2
2370,3.02,1.93727777777778,2.06
2371,2.91,1.8998252688172,2.04
2372,2.96,1.97369623655914,2.105
2373,2.81,1.99483333333333,2.1
2374,2.91,2.05694892473118,2.165
2375,3.18,2.15980555555556,2.3
2376,3.26,2.09665322580645,2.24
2377,3.247,2.26166801075269,2.405
2378,NA,NA,NA
2379,2.763,1.96409005376344,2.0645
2380,2.67,1.85585972222222,2.025
2381,2.894,1.89015860215054,2.012
2382,2.927,1.86370416666667,2.002
2383,2.818,1.8565376344086,1.983
2384,2.7,1.83429838709677,1.952
2385,2.619,1.85373194444444,2.0065
2386,2.781,1.84903091397849,1.965
2387,3.088,2.06707916666667,2.147
2388,3.27,1.92964784946237,2.094
2389,3.233,1.95902150537634,2.1145
2390,3.209,2.14775744047619,2.2825
2391,2.948,2.03546102150538,2.1505
2392,2.682,1.785625,1.904
2393,2.851,1.7805497311828,1.9145
2394,2.95,1.81591388888889,1.963
2395,2.844,1.83224462365591,1.99
2396,2.875,1.8530752688172,1.9635
2397,2.654,1.81057222222222,1.9435
2398,2.994,1.79624327956989,1.943
2399,3.183,1.98994722222222,2.0935
2400,2.933,1.89917607526882,2.026
2401,3.086,1.94959139784946,2.105
2402,3.009,2.02612068965517,2.155
2403,2.719,1.86258198924731,1.975
2404,2.583,1.81088194444444,1.931
2405,2.793,1.84883198924731,1.951
2406,2.946,1.83939722222222,2.009
2407,2.988,1.83847580645161,2.0235
2408,2.714,1.82140188172043,1.969
2409,2.574,1.83840277777778,1.9585
2410,2.925,1.87971505376344,2.028
2411,2.889,1.82121805555556,1.9255
2412,3.033,1.86426478494624,1.9995
2413,3.342,1.91259408602151,2.0265
2414,2.83,1.84475892857143,1.9565
2415,2.729,1.84026478494624,1.96
2416,2.699,1.79771805555556,1.938
2417,2.798,1.77127150537634,1.8595
2418,2.837,1.78118472222222,1.8845
2419,2.953,1.79275268817204,1.9445
2420,2.806,1.84980241935484,1.9965
2421,2.646,1.84085694444444,1.9725
2422,2.749,1.83050403225806,1.946
2423,3.206,1.99647222222222,2.1095
2424,3.454,2.02242069892473,2.1365
2425,3.206,1.98527284946237,2.1495
2426,2.919,1.89506101190476,2.018
2427,2.748,1.8555376344086,1.9625
2428,2.778,1.79079583333333,1.9475
2429,2.912,1.76836693548387,1.8765
2430,2.822,1.79880416666667,1.925
2431,2.94,1.83113306451613,1.9595
2432,2.845,1.8376626344086,1.9415
2433,2.664,1.85794444444444,2.0065
2434,2.702,1.78769086021505,1.9715
2435,3.213,1.95279722222222,2.043
2436,3.347,2.14743279569892,2.297
2437,3.705,2.03792741935484,2.199
2438,2.96,1.88978422619048,1.9925
2439,3.094,1.96823655913979,2.0785
2440,2.864,1.96298611111111,2.0685
2441,2.83,1.82016801075269,1.9675
2442,3.004,1.80870555555556,1.959
2443,3.021,1.82895430107527,1.983
2444,2.945,1.88845564516129,2.021
2445,2.793,1.84653333333333,1.965
2446,3.045,1.93320967741935,2.0975
2447,3.233,1.93697916666667,2.0555
2448,3.586,2.09224327956989,2.193
2449,3.251,2.04307795698925,2.1715
2450,3.163,1.99667385057471,2.1365
2451,2.769,1.87565322580645,2.005
2452,2.699,1.82824583333333,1.9845
2453,2.947,1.85137365591398,1.942
2454,3.112,1.83789722222222,1.9735
2455,3.114,1.8603064516129,2.0185
2456,3.01,1.88558870967742,2.0365
2457,2.791,1.90335277777778,2.0345
2458,3.049,1.92682123655914,2.0535
2459,3.197,1.86406388888889,1.9945
2460,3.325,1.95083870967742,2.099
2461,3.511,2.04478494623656,2.159
2462,3.25,1.91149553571429,2.043
2463,2.95,1.97170295698925,2.116
2464,2.939,1.9259625,2.055
2465,2.925,1.94282287308229,2.114
2466,3.126,1.85756527777778,1.9735
2467,3.129,1.86190053763441,2.0075
2468,2.943,1.8686438172043,2.005
2469,2.733,1.82587777777778,1.9745
2470,2.784,1.91422849462366,2.052
2471,3.209,1.90299027777778,2.044
2472,3.642,1.98811693548387,2.166
2473,3.599,2.11287231182796,2.2385
2474,3.456,1.88548214285714,2.021
2475,3.033,2.03577688172043,2.1495
2476,2.959,1.97422083333333,2.1135
2477,3.041,1.84002150537634,1.9965
2478,3.007,1.84099444444444,1.997
2479,3.027,1.86581451612903,2.0045
2480,2.991,1.86719489247312,1.9825
2481,2.787,1.84388057553957,1.996
2482,NA,NA,NA
2483,3.258,2.06009305555556,2.158
2484,3.127,2.00011021505376,2.165
2485,3.39,1.87956989247312,2.0415
2486,3.072,1.96077083333333,2.088
2487,2.847,1.85731586021505,1.9905
2488,2.89,1.83472222222222,1.931
2489,2.924,1.77760752688172,1.9095
2490,3.008,1.82354305555556,1.977
2491,3.131,1.8758185483871,2.0405
2492,2.948,1.88162365591398,2.015
2493,3.05,1.84880555555556,1.999
2494,3.049,1.89427553763441,2.0485
2495,3.314,1.847075,1.971
2496,3.361,1.98415725806452,2.1495
2497,3.482,2.01801344086021,2.1175
2498,2.944,1.90530316091954,2.055
2499,2.851,1.80911021505376,1.944
2500,2.812,1.77545277777778,1.9225
2501,2.846,1.77945430107527,1.8765
2502,3.135,1.79901111111111,1.959
2503,3.176,1.87098790322581,2.0225
2504,2.983,1.92353360215054,2.0765
2505,2.781,1.85174583333333,1.978
2506,2.88,1.81841666666667,1.922
2507,3.008,1.92247777777778,2.068
2508,3.403,1.91031048387097,2.0685
2509,3.341,1.85365994623656,1.9665
2510,3.013,1.92845386904762,2.0465
2511,3.054,1.92345833333333,2.026
2512,2.83,1.79117638888889,1.9295
2513,2.964,1.84870161290323,1.9975
2514,3.076,1.91145972222222,2.036
2515,3.032,1.88293010752688,2.0175
2516,2.838,1.87672983870968,2.0165
2517,2.826,1.88545,2.0375
2518,2.917,1.95411290322581,2.072
2519,3.235,2.06285833333333,2.132
2520,3.34,2.00013037634409,2.168
2521,3.475,2.21589919354839,2.4055
2522,3.175,2.07739285714286,2.172
2523,3.016,1.97867741935484,2.0835
2524,2.995,1.980075,2.0845
2525,2.934,1.83964919354839,1.9735
2526,2.838,1.82537222222222,1.994
2527,2.986,1.81590860215054,1.9445
2528,2.841,1.85375806451613,1.957
2529,2.696,1.867925,2.0375
2530,3.028,1.88802956989247,2.022
2531,3.038,1.93187361111111,2.0445
2532,3.379,2.13317338709677,2.2555
2533,3.182,1.93394220430108,2.0685
2534,3.066,1.90418005952381,2.01
2535,3.003,2.0950564516129,2.1995
2536,2.852,1.90560277777778,2.0175
2537,2.983,1.86016666666667,1.999
2538,2.948,1.868775,2.03
2539,2.968,1.87235752688172,2.0235
2540,2.775,1.86426747311828,1.9735
2541,2.863,1.88225277777778,2.008
2542,3.034,1.88669489247312,2.0365
2543,3.445,1.9512125,2.0625
2544,3.011,1.78812903225806,1.908
2545,3.246,1.96766666666667,2.0535
2546,2.873,1.89598563218391,2.004
2547,3.128,2.02418010752688,2.1235
2548,2.907,1.97623597122302,2.114
2549,2.812,1.82720698924731,1.939
2550,2.943,1.86737361111111,2.0205
2551,2.997,1.87560349462366,2.021
2552,2.759,1.89128629032258,2.012
2553,2.728,1.84963333333333,1.967
2554,NA,NA,NA
2555,3.208,2.03760833333333,2.1805
2556,3.213,2.15582795698925,2.3125
